{"cameraMode":{"drawMode":0,"name":"Shaded","section":"Shading Mode"},"sceneLighting":false,"audioPlay":false,"sceneViewState":{"showFog":true,"showMaterialUpdate":false,"showSkybox":false,"showFlares":true,"showImageEffects":true,"showParticleSystems":true},"in2DMode":false,"pivot":{"x":0.0,"y":4.863897800445557,"z":-7.152557373046875e-7},"rotation":{"x":0.06028945371508598,"y":-0.3529421389102936,"z":0.022795969620347024,"w":0.933422327041626},"size":15.959942817687989,"orthographic":true}