{"cameraMode":{"drawMode":0,"name":"Shaded","section":"Shading Mode"},"sceneLighting":true,"audioPlay":false,"sceneViewState":{"showFog":true,"showMaterialUpdate":false,"showSkybox":true,"showFlares":true,"showImageEffects":true,"showParticleSystems":true},"in2DMode":false,"pivot":{"x":0.07203634083271027,"y":-0.2917180061340332,"z":0.15799841284751893},"rotation":{"x":0.5772140622138977,"y":-0.0012278378708288074,"z":0.0008683445630595088,"w":0.8165915608406067},"size":0.8637225031852722,"orthographic":false}