{"cameraMode":{"drawMode":0,"name":"Shaded","section":"Shading Mode"},"sceneLighting":true,"audioPlay":false,"sceneViewState":{"showFog":true,"showMaterialUpdate":false,"showSkybox":true,"showFlares":true,"showImageEffects":true,"showParticleSystems":true},"in2DMode":false,"pivot":{"x":1.1587610244750977,"y":0.2868365943431854,"z":-0.16706833243370057},"rotation":{"x":-0.009305663406848908,"y":-0.24642352759838105,"z":-0.002366309752687812,"w":0.9691146612167358},"size":37.07168197631836,"orthographic":true}