{"cameraMode":{"drawMode":0,"name":"Shaded","section":"Shading Mode"},"sceneLighting":false,"audioPlay":false,"sceneViewState":{"showFog":true,"showMaterialUpdate":false,"showSkybox":false,"showFlares":true,"showImageEffects":true,"showParticleSystems":true},"in2DMode":false,"pivot":{"x":0.0,"y":3.8460731506347658,"z":-5.960464477539063e-7},"rotation":{"x":0.06028945371508598,"y":-0.3529421389102936,"z":0.022795969620347024,"w":0.933422327041626},"size":11.684995651245118,"orthographic":true}